experiment_name,timestamp,image_resolution,num_bins,epochs,batch_size,learning_rate,final_train_loss,final_val_loss,test_mse,test_mae
exp-SimpleStar-128x128-10bins-10rot-10stepsize-0.1gamma-BR,5/15/2025 7:01,"[128, 128]",10,10,64,0.0005,1.476801527,3.019295245,2.923756599,1.468931913
exp-SimpleStar-128x128-10bins-10rot-10stepsize-0.5gamma-BR,5/15/2025 6:43,"[128, 128]",10,10,64,0.0005,1.145734295,1.075156868,1.113857627,0.642851472
exp-SimpleStar-128x128-10bins-10rot-10stepsize-0.9gamma-BR,5/15/2025 6:25,"[128, 128]",10,10,64,0.0005,1.103635999,1.059000693,1.062633753,0.593845665
exp-SimpleStar-128x128-10bins-10rot-10stepsize-1.0gamma-BR,5/15/2025 6:07,"[128, 128]",10,10,64,0.0005,1.027265062,0.87610497,0.910539567,0.419230372
exp-SimpleStar-128x128-10bins-10rot-2stepsize-0.1gamma-BR,5/15/2025 9:24,"[128, 128]",10,10,64,0.0005,3.409245238,3.122788593,3.213913918,1.221802592
exp-SimpleStar-128x128-10bins-10rot-2stepsize-0.5gamma-BR,5/15/2025 9:06,"[128, 128]",10,10,64,0.0005,1.336712322,1.216761678,1.250715733,0.627836525
exp-SimpleStar-128x128-10bins-10rot-2stepsize-0.9gamma-BR,5/15/2025 8:48,"[128, 128]",10,10,64,0.0005,11.59401661,12.31396806,10.93213272,1.454887509
exp-SimpleStar-128x128-10bins-10rot-2stepsize-1.0gamma-BR,5/15/2025 8:30,"[128, 128]",10,10,64,0.0005,1.112196129,0.914444536,0.943321288,0.451539665
exp-SimpleStar-128x128-10bins-10rot-5stepsize-0.1gamma-BR,5/15/2025 8:13,"[128, 128]",10,10,64,0.0005,1.245333801,1.024547003,1.054059267,0.492206126
exp-SimpleStar-128x128-10bins-10rot-5stepsize-0.5gamma-BR,5/15/2025 7:55,"[128, 128]",10,10,64,0.0005,0.979354459,0.910518996,0.94688648,0.464729071
exp-SimpleStar-128x128-10bins-10rot-5stepsize-0.9gamma-BR,5/15/2025 7:37,"[128, 128]",10,10,64,0.0005,1.531149274,1.141254298,1.155262828,0.620390654
exp-SimpleStar-128x128-10bins-10rot-5stepsize-1.0gamma-BR,5/15/2025 7:19,"[128, 128]",10,10,64,0.0005,1.256552408,1.005376734,1.003607154,0.469439059
exp-SimpleStar-128x128-10bins-4rot-2stepsize-0.1gamma-BR,5/15/2025 5:49,"[128, 128]",10,10,64,0.0005,4.459731761,4.278601289,4.337281704,1.558083773
exp-SimpleStar-128x128-10bins-4rot-2stepsize-0.5gamma-BR,5/15/2025 5:31,"[128, 128]",10,10,64,0.0005,1.50791989,1.32086625,1.429319024,0.764777899
exp-SimpleStar-128x128-20bins-0rot-10stepsize-0.1gamma-BR,5/14/2025 10:27,"[128, 128]",20,10,64,0.0005,0.470670409,0.475393511,0.467965871,0.482286394
exp-SimpleStar-128x128-20bins-0rot-10stepsize-0.5gamma-BR,5/14/2025 10:23,"[128, 128]",20,10,64,0.0005,1.571550423,1.555761382,1.414806724,0.497585863
exp-SimpleStar-128x128-20bins-0rot-10stepsize-0.9gamma-BR,5/14/2025 10:18,"[128, 128]",20,10,64,0.0005,3.003065306,2.838328287,2.813645124,0.69811511
exp-SimpleStar-128x128-20bins-0rot-10stepsize-1.0gamma-BR,5/14/2025 10:14,"[128, 128]",20,10,64,0.0005,0.313443189,0.34440471,0.391528994,0.466144085
exp-SimpleStar-128x128-20bins-0rot-2stepsize-0.1gamma-BR,5/14/2025 10:59,"[128, 128]",20,10,64,0.0005,1.669074366,1.61810378,1.494362235,0.489992887
exp-SimpleStar-128x128-20bins-0rot-2stepsize-0.5gamma-BR,5/14/2025 10:56,"[128, 128]",20,10,64,0.0005,0.351730143,0.303952009,0.335159898,0.279866099
exp-SimpleStar-128x128-20bins-0rot-2stepsize-0.9gamma-BR,5/14/2025 10:51,"[128, 128]",20,10,64,0.0005,0.262382342,0.268614966,0.298144221,0.306031197
exp-SimpleStar-128x128-20bins-0rot-2stepsize-1.0gamma-BR,5/14/2025 10:47,"[128, 128]",20,10,64,0.0005,0.414852516,0.237256706,0.265217662,0.249993533
exp-SimpleStar-128x128-20bins-0rot-5stepsize-0.1gamma-BR,5/14/2025 10:43,"[128, 128]",20,10,64,0.0005,0.271249933,0.228301739,0.26134178,0.235896453
exp-SimpleStar-128x128-20bins-0rot-5stepsize-0.5gamma-BR,5/14/2025 10:39,"[128, 128]",20,10,64,0.0005,6.587463808,6.946913481,6.048217773,1.005146265
exp-SimpleStar-128x128-20bins-0rot-5stepsize-0.9gamma-BR,5/14/2025 10:35,"[128, 128]",20,10,64,0.0005,1.564301131,1.522522777,1.385851264,0.4499771
exp-SimpleStar-128x128-20bins-0rot-5stepsize-1.0gamma-BR,5/14/2025 10:31,"[128, 128]",20,10,64,0.0005,0.1820474,0.144752976,0.166802242,0.189995483
exp-SimpleStar-128x128-20bins-10rot-10stepsize-0.1gamma-BR,5/14/2025 19:03,"[128, 128]",20,10,64,0.0005,1.726748291,1.503715619,1.647593379,0.532734692
exp-SimpleStar-128x128-20bins-10rot-10stepsize-0.5gamma-BR,5/14/2025 18:45,"[128, 128]",20,10,64,0.0005,2.231571887,1.852158487,1.696661353,0.706413329
exp-SimpleStar-128x128-20bins-10rot-10stepsize-0.9gamma-BR,5/14/2025 18:27,"[128, 128]",20,10,64,0.0005,1.883661892,2.192617297,2.125466824,0.921701312
exp-SimpleStar-128x128-20bins-10rot-10stepsize-1.0gamma-BR,5/14/2025 18:10,"[128, 128]",20,10,64,0.0005,0.428066633,1.001402624,1.078562021,0.838918626
exp-SimpleStar-128x128-20bins-10rot-2stepsize-0.9gamma-BR,5/14/2025 20:52,"[128, 128]",20,10,64,0.0005,0.341779069,0.551126089,0.536610305,0.565216541
exp-SimpleStar-128x128-20bins-10rot-2stepsize-1.0gamma-BR,5/14/2025 20:33,"[128, 128]",20,10,64,0.0005,0.484405146,1.561285436,1.615042448,1.086458683
exp-SimpleStar-128x128-20bins-10rot-5stepsize-0.1gamma-BR,5/14/2025 20:15,"[128, 128]",20,10,64,0.0005,6.538801463,6.954194963,6.026629925,1.001119256
exp-SimpleStar-128x128-20bins-10rot-5stepsize-0.5gamma-BR,5/14/2025 19:57,"[128, 128]",20,10,64,0.0005,0.82539698,1.256389096,1.296264887,0.988202751
exp-SimpleStar-128x128-20bins-10rot-5stepsize-0.9gamma-BR,5/14/2025 19:39,"[128, 128]",20,10,64,0.0005,0.322303753,0.323309124,0.368855119,0.446379393
exp-SimpleStar-128x128-20bins-10rot-5stepsize-1.0gamma-BR,5/14/2025 19:21,"[128, 128]",20,10,64,0.0005,6.583129926,6.883808494,5.990859509,0.988491714
exp-SimpleStar-128x128-20bins-1rot-10stepsize-0.1gamma-BR,5/14/2025 12:04,"[128, 128]",20,10,64,0.0005,2.544403865,1.669129252,1.838893294,0.626231551
exp-SimpleStar-128x128-20bins-1rot-10stepsize-0.5gamma-BR,5/14/2025 11:48,"[128, 128]",20,10,64,0.0005,0.313045897,0.225698313,0.253013879,0.303789735
exp-SimpleStar-128x128-20bins-1rot-10stepsize-0.9gamma-BR,5/14/2025 11:32,"[128, 128]",20,10,64,0.0005,0.404971109,0.416728452,0.437741041,0.50553304
exp-SimpleStar-128x128-20bins-1rot-10stepsize-1.0gamma-BR,5/14/2025 11:16,"[128, 128]",20,10,64,0.0005,0.384776476,0.274457134,0.296237558,0.347352594
exp-SimpleStar-128x128-20bins-1rot-2stepsize-0.1gamma-BR,5/14/2025 14:20,"[128, 128]",20,10,64,0.0005,3.126072899,2.888595074,2.957725525,1.023804784
exp-SimpleStar-128x128-20bins-1rot-2stepsize-0.5gamma-BR,5/14/2025 14:03,"[128, 128]",20,10,64,0.0005,0.524751876,0.469761159,0.478631288,0.455416948
exp-SimpleStar-128x128-20bins-1rot-2stepsize-0.9gamma-BR,5/14/2025 13:45,"[128, 128]",20,10,64,0.0005,0.31403785,0.250397693,0.336112857,0.390660584
exp-SimpleStar-128x128-20bins-1rot-2stepsize-1.0gamma-BR,5/14/2025 13:28,"[128, 128]",20,10,64,0.0005,1.775546824,1.797589906,1.912179232,0.731306493
exp-SimpleStar-128x128-20bins-1rot-5stepsize-0.1gamma-BR,5/14/2025 13:11,"[128, 128]",20,10,64,0.0005,1.688727895,1.714259043,1.588259459,0.636239529
exp-SimpleStar-128x128-20bins-1rot-5stepsize-0.5gamma-BR,5/14/2025 12:53,"[128, 128]",20,10,64,0.0005,1.616507991,1.868390262,1.696522951,0.74175781
exp-SimpleStar-128x128-20bins-1rot-5stepsize-0.9gamma-BR,5/14/2025 12:37,"[128, 128]",20,10,64,0.0005,1.788554451,1.794779047,1.678324699,0.755120993
exp-SimpleStar-128x128-20bins-1rot-5stepsize-1.0gamma-BR,5/14/2025 12:21,"[128, 128]",20,10,64,0.0005,1.596303937,1.586675026,1.457607627,0.568647444
exp-SimpleStar-128x128-20bins-4rot-10stepsize-0.1gamma-BR,5/14/2025 15:30,"[128, 128]",20,10,64,0.0005,0.258184219,0.191624137,0.218139827,0.268089414
exp-SimpleStar-128x128-20bins-4rot-10stepsize-0.5gamma-BR,5/14/2025 15:12,"[128, 128]",20,10,64,0.0005,0.222593091,0.220600515,0.243672162,0.313434929
exp-SimpleStar-128x128-20bins-4rot-10stepsize-0.9gamma-BR,5/14/2025 14:54,"[128, 128]",20,10,64,0.0005,1.668235501,2.319639713,2.208061934,0.944235444
exp-SimpleStar-128x128-20bins-4rot-10stepsize-1.0gamma-BR,5/14/2025 14:37,"[128, 128]",20,10,64,0.0005,1.818553355,0.797202595,0.868765354,0.663032055
exp-SimpleStar-128x128-20bins-4rot-2stepsize-0.1gamma-BR,5/14/2025 17:52,"[128, 128]",20,10,64,0.0005,3.083709097,3.002808124,2.974836588,1.265352726
exp-SimpleStar-128x128-20bins-4rot-2stepsize-0.5gamma-BR,5/14/2025 17:34,"[128, 128]",20,10,64,0.0005,7.41778997,7.23567611,7.770325184,1.279470325
exp-SimpleStar-128x128-20bins-4rot-2stepsize-0.9gamma-BR,5/14/2025 17:16,"[128, 128]",20,10,64,0.0005,0.25107172,0.331999503,0.400520384,0.42737782
exp-SimpleStar-128x128-20bins-4rot-2stepsize-1.0gamma-BR,5/14/2025 16:58,"[128, 128]",20,10,64,0.0005,0.248188492,0.204190586,0.229547426,0.281043351
exp-SimpleStar-128x128-20bins-4rot-5stepsize-0.1gamma-BR,5/14/2025 16:41,"[128, 128]",20,10,64,0.0005,0.451851316,0.404551707,0.426933765,0.382787883
exp-SimpleStar-128x128-20bins-4rot-5stepsize-0.5gamma-BR,5/14/2025 16:23,"[128, 128]",20,10,64,0.0005,0.235930974,0.232422373,0.258507878,0.31160304
exp-SimpleStar-128x128-20bins-4rot-5stepsize-0.9gamma-BR,5/14/2025 16:05,"[128, 128]",20,10,64,0.0005,3.022725025,3.14032948,3.111115217,0.997620583
exp-SimpleStar-128x128-20bins-4rot-5stepsize-1.0gamma-BR,5/14/2025 15:48,"[128, 128]",20,10,64,0.0005,0.263414227,0.195358936,0.237540916,0.289900839
exp-SimpleStar-128x128-50bins-10rot-10stepsize-0.1gamma-BR,5/15/2025 7:03,"[128, 128]",50,10,64,0.0005,0.458245745,0.415750109,0.456324637,0.436339796
exp-SimpleStar-128x128-50bins-10rot-10stepsize-0.5gamma-BR,5/15/2025 6:45,"[128, 128]",50,10,64,0.0005,0.649480813,0.636911292,0.652207017,0.474213868
exp-SimpleStar-128x128-50bins-10rot-10stepsize-0.9gamma-BR,5/15/2025 6:28,"[128, 128]",50,10,64,0.0005,1.189773139,0.969004679,0.980977178,0.663792849
exp-SimpleStar-128x128-50bins-10rot-10stepsize-1.0gamma-BR,5/15/2025 6:10,"[128, 128]",50,10,64,0.0005,0.706939033,0.724688824,0.726169884,0.516803861
exp-SimpleStar-128x128-50bins-10rot-2stepsize-0.1gamma-BR,5/15/2025 9:27,"[128, 128]",50,10,64,0.0005,9.204775213,9.675207376,8.661353111,1.71557188
exp-SimpleStar-128x128-50bins-10rot-2stepsize-0.5gamma-BR,5/15/2025 9:10,"[128, 128]",50,10,64,0.0005,1.548636228,1.525184356,1.480993748,0.657118022
exp-SimpleStar-128x128-50bins-10rot-2stepsize-0.9gamma-BR,5/15/2025 8:52,"[128, 128]",50,10,64,0.0005,0.649473852,0.502116814,0.460405529,0.292690635
exp-SimpleStar-128x128-50bins-10rot-2stepsize-1.0gamma-BR,5/15/2025 8:34,"[128, 128]",50,10,64,0.0005,4.323168644,4.606760949,3.996643066,0.789162457
exp-SimpleStar-128x128-50bins-10rot-5stepsize-0.1gamma-BR,5/15/2025 8:16,"[128, 128]",50,10,64,0.0005,1.356130675,1.270332202,1.309516072,0.724343777
exp-SimpleStar-128x128-50bins-10rot-5stepsize-0.5gamma-BR,5/15/2025 7:58,"[128, 128]",50,10,64,0.0005,4.647263822,4.762173235,4.143977165,0.883876443
exp-SimpleStar-128x128-50bins-10rot-5stepsize-0.9gamma-BR,5/15/2025 7:40,"[128, 128]",50,10,64,0.0005,0.203041126,0.322905276,0.313956022,0.460392714
exp-SimpleStar-128x128-50bins-10rot-5stepsize-1.0gamma-BR,5/15/2025 7:22,"[128, 128]",50,10,64,0.0005,1.380852348,1.325641572,1.223715067,0.470843881
exp-SimpleStar-128x128-50bins-4rot-2stepsize-0.1gamma-BR,5/15/2025 5:52,"[128, 128]",50,10,64,0.0005,3.349476671,3.040258557,3.088495016,1.280887127
exp-SimpleStar-128x128-50bins-4rot-2stepsize-0.5gamma-BR,5/15/2025 5:34,"[128, 128]",50,10,64,0.0005,5.112115065,5.304758579,4.809884071,1.160611987
exp-SimpleStar-128x128-5bins-0rot-10stepsize-0.1gamma-BR,5/14/2025 10:25,"[128, 128]",5,10,64,0.0005,6.924908121,6.810401857,6.698589802,1.249391556
exp-SimpleStar-128x128-5bins-0rot-10stepsize-0.5gamma-BR,5/14/2025 10:21,"[128, 128]",5,10,64,0.0005,7.339220075,7.132732272,7.003304958,1.437979698
exp-SimpleStar-128x128-5bins-0rot-10stepsize-0.9gamma-BR,5/14/2025 10:17,"[128, 128]",5,10,64,0.0005,6.927384026,7.356187642,7.19976759,1.602123022
exp-SimpleStar-128x128-5bins-0rot-10stepsize-1.0gamma-BR,5/14/2025 10:13,"[128, 128]",5,10,64,0.0005,7.054959166,7.029460728,6.880145073,1.322556019
exp-SimpleStar-128x128-5bins-0rot-2stepsize-0.1gamma-BR,5/14/2025 10:58,"[128, 128]",5,10,64,0.0005,8.322820532,8.113811553,7.92424345,1.576307893
exp-SimpleStar-128x128-5bins-0rot-2stepsize-0.5gamma-BR,5/14/2025 10:54,"[128, 128]",5,10,64,0.0005,7.283408594,7.114741921,6.99942112,1.247269034
exp-SimpleStar-128x128-5bins-0rot-2stepsize-0.9gamma-BR,5/14/2025 10:50,"[128, 128]",5,10,64,0.0005,8.025303012,6.881319642,6.756493092,1.232903123
exp-SimpleStar-128x128-5bins-0rot-2stepsize-1.0gamma-BR,5/14/2025 10:46,"[128, 128]",5,10,64,0.0005,6.845357893,6.729577899,6.609707832,1.13483119
exp-SimpleStar-128x128-5bins-0rot-5stepsize-0.1gamma-BR,5/14/2025 10:42,"[128, 128]",5,10,64,0.0005,7.602858451,7.113101542,6.994569302,1.252791047
exp-SimpleStar-128x128-5bins-0rot-5stepsize-0.5gamma-BR,5/14/2025 10:38,"[128, 128]",5,10,64,0.0005,6.977873772,7.016041517,6.876415253,1.359597087
exp-SimpleStar-128x128-5bins-0rot-5stepsize-0.9gamma-BR,5/14/2025 10:34,"[128, 128]",5,10,64,0.0005,6.915516276,6.922205508,6.804979324,1.37214601
exp-SimpleStar-128x128-5bins-0rot-5stepsize-1.0gamma-BR,5/14/2025 10:29,"[128, 128]",5,10,64,0.0005,6.953927855,6.754467785,6.636190414,1.106573939
exp-SimpleStar-128x128-5bins-10rot-10stepsize-0.1gamma-BR,5/14/2025 19:01,"[128, 128]",5,10,64,0.0005,7.414838547,7.594654739,7.51477623,1.764425039
exp-SimpleStar-128x128-5bins-10rot-10stepsize-0.5gamma-BR,5/14/2025 18:43,"[128, 128]",5,10,64,0.0005,7.161463588,7.572317779,7.534718513,1.757756352
exp-SimpleStar-128x128-5bins-10rot-10stepsize-0.9gamma-BR,5/14/2025 18:25,"[128, 128]",5,10,64,0.0005,8.378034288,7.09339422,6.962167263,1.34749949
exp-SimpleStar-128x128-5bins-10rot-10stepsize-1.0gamma-BR,5/14/2025 18:07,"[128, 128]",5,10,64,0.0005,96.71518555,97.67302895,99.10012817,5.997466564
exp-SimpleStar-128x128-5bins-10rot-2stepsize-0.9gamma-BR,5/14/2025 20:49,"[128, 128]",5,10,64,0.0005,6.890319972,6.75396055,6.633250237,1.166434407
exp-SimpleStar-128x128-5bins-10rot-2stepsize-1.0gamma-BR,5/14/2025 20:31,"[128, 128]",5,10,64,0.0005,7.157311702,7.439835191,7.359258652,1.584447503
exp-SimpleStar-128x128-5bins-10rot-5stepsize-0.1gamma-BR,5/14/2025 20:13,"[128, 128]",5,10,64,0.0005,7.44536606,7.343164384,7.190699577,1.419259667
exp-SimpleStar-128x128-5bins-10rot-5stepsize-0.5gamma-BR,5/14/2025 19:55,"[128, 128]",5,10,64,0.0005,7.190075523,7.145641088,6.991928577,1.410538554
exp-SimpleStar-128x128-5bins-10rot-5stepsize-0.9gamma-BR,5/14/2025 19:37,"[128, 128]",5,10,64,0.0005,6.974630189,6.938857973,6.822943687,1.37740922
exp-SimpleStar-128x128-5bins-10rot-5stepsize-1.0gamma-BR,5/14/2025 19:19,"[128, 128]",5,10,64,0.0005,7.592330506,6.97505331,6.851162434,1.385096908
exp-SimpleStar-128x128-5bins-1rot-10stepsize-0.1gamma-BR,5/14/2025 12:03,"[128, 128]",5,10,64,0.0005,7.52842865,8.258159161,8.029345512,1.911415577
exp-SimpleStar-128x128-5bins-1rot-10stepsize-0.5gamma-BR,5/14/2025 11:46,"[128, 128]",5,10,64,0.0005,7.008830144,6.925014913,6.790401459,1.2674582
exp-SimpleStar-128x128-5bins-1rot-10stepsize-0.9gamma-BR,5/14/2025 11:30,"[128, 128]",5,10,64,0.0005,7.381833106,7.984533131,7.914591789,1.854885459
exp-SimpleStar-128x128-5bins-1rot-10stepsize-1.0gamma-BR,5/14/2025 11:14,"[128, 128]",5,10,64,0.0005,7.047336233,7.132715464,6.997061729,1.466788054
exp-SimpleStar-128x128-5bins-1rot-2stepsize-0.1gamma-BR,5/14/2025 14:18,"[128, 128]",5,10,64,0.0005,7.837102473,7.730801165,7.601702213,1.557484865
exp-SimpleStar-128x128-5bins-1rot-2stepsize-0.5gamma-BR,5/14/2025 14:01,"[128, 128]",5,10,64,0.0005,8.164619017,7.714178026,7.562069416,1.518976808
exp-SimpleStar-128x128-5bins-1rot-2stepsize-0.9gamma-BR,5/14/2025 13:43,"[128, 128]",5,10,64,0.0005,7.200253785,6.843554616,6.73389864,1.215205789
exp-SimpleStar-128x128-5bins-1rot-2stepsize-1.0gamma-BR,5/14/2025 13:26,"[128, 128]",5,10,64,0.0005,7.199207079,7.320200682,7.196392536,1.598795533
exp-SimpleStar-128x128-5bins-1rot-5stepsize-0.1gamma-BR,5/14/2025 13:09,"[128, 128]",5,10,64,0.0005,7.105646439,6.99896282,6.884486198,1.306585193
exp-SimpleStar-128x128-5bins-1rot-5stepsize-0.5gamma-BR,5/14/2025 12:52,"[128, 128]",5,10,64,0.0005,6.989266825,6.78141892,6.667292118,1.213044763
exp-SimpleStar-128x128-5bins-1rot-5stepsize-0.9gamma-BR,5/14/2025 12:35,"[128, 128]",5,10,64,0.0005,7.102615064,6.92348212,6.827445984,1.308723807
exp-SimpleStar-128x128-5bins-1rot-5stepsize-1.0gamma-BR,5/14/2025 12:19,"[128, 128]",5,10,64,0.0005,6.957463931,6.787125826,6.664227962,1.14778018
exp-SimpleStar-128x128-5bins-4rot-10stepsize-0.1gamma-BR,5/14/2025 15:28,"[128, 128]",5,10,64,0.0005,6.94237873,7.696005344,7.537539482,1.648156524
exp-SimpleStar-128x128-5bins-4rot-10stepsize-0.5gamma-BR,5/14/2025 15:11,"[128, 128]",5,10,64,0.0005,7.08733608,7.073325515,7.025419712,1.441805243
exp-SimpleStar-128x128-5bins-4rot-10stepsize-0.9gamma-BR,5/14/2025 14:53,"[128, 128]",5,10,64,0.0005,7.25605455,6.891160131,6.799360275,1.261534929
exp-SimpleStar-128x128-5bins-4rot-10stepsize-1.0gamma-BR,5/14/2025 14:35,"[128, 128]",5,10,64,0.0005,6.918259597,6.813889623,6.709515572,1.248558521
exp-SimpleStar-128x128-5bins-4rot-2stepsize-0.1gamma-BR,5/14/2025 17:49,"[128, 128]",5,10,64,0.0005,9.206315041,8.679333746,8.821656227,1.98251152
exp-SimpleStar-128x128-5bins-4rot-2stepsize-0.5gamma-BR,5/14/2025 17:32,"[128, 128]",5,10,64,0.0005,6.893859609,6.765804529,6.666026592,1.166666627
exp-SimpleStar-128x128-5bins-4rot-2stepsize-0.9gamma-BR,5/14/2025 17:14,"[128, 128]",5,10,64,0.0005,7.530059689,6.935666203,6.826592922,1.291844487
exp-SimpleStar-128x128-5bins-4rot-2stepsize-1.0gamma-BR,5/14/2025 16:57,"[128, 128]",5,10,64,0.0005,7.174924082,6.94113934,6.864078045,1.384562731
exp-SimpleStar-128x128-5bins-4rot-5stepsize-0.1gamma-BR,5/14/2025 16:39,"[128, 128]",5,10,64,0.0005,8.239230382,7.544238746,7.396491528,1.454488516
exp-SimpleStar-128x128-5bins-4rot-5stepsize-0.5gamma-BR,5/14/2025 16:21,"[128, 128]",5,10,64,0.0005,7.054585153,6.878317416,6.771960735,1.258167624
exp-SimpleStar-128x128-5bins-4rot-5stepsize-0.9gamma-BR,5/14/2025 16:04,"[128, 128]",5,10,64,0.0005,7.509220701,7.40807277,7.338463306,1.676429391
exp-SimpleStar-128x128-5bins-4rot-5stepsize-1.0gamma-BR,5/14/2025 15:46,"[128, 128]",5,10,64,0.0005,6.917772752,7.080011904,6.954289913,1.411116481
